{
  "View Cart Request" : {
    "transaction" : "View Cart Request",
    "sampleCount" : 11440,
    "errorCount" : 1653,
    "errorPct" : 14.449301,
    "meanResTime" : 1873.8686188811134,
    "medianResTime" : 195.0,
    "minResTime" : 0.0,
    "maxResTime" : 22767.0,
    "pct1ResTime" : 3502.8999999999996,
    "pct2ResTime" : 21031.0,
    "pct3ResTime" : 21052.0,
    "throughput" : 12.569301458873992,
    "receivedKBytesPerSec" : 109.87521153700362,
    "sentKBytesPerSec" : 1.4091762304099087
  },
  "Total" : {
    "transaction" : "Total",
    "sampleCount" : 69133,
    "errorCount" : 10175,
    "errorPct" : 14.718007,
    "meanResTime" : 2143.129026658765,
    "medianResTime" : 330.0,
    "minResTime" : 0.0,
    "maxResTime" : 41881.0,
    "pct1ResTime" : 8057.700000000019,
    "pct2ResTime" : 21034.0,
    "pct3ResTime" : 21057.0,
    "throughput" : 75.14391179207138,
    "receivedKBytesPerSec" : 624.8086569797491,
    "sentKBytesPerSec" : 11.183265101363249
  },
  "View Product Details" : {
    "transaction" : "View Product Details",
    "sampleCount" : 11558,
    "errorCount" : 1253,
    "errorPct" : 10.840976,
    "meanResTime" : 1240.2064370998462,
    "medianResTime" : 224.0,
    "minResTime" : 0.0,
    "maxResTime" : 22062.0,
    "pct1ResTime" : 380.0,
    "pct2ResTime" : 7731.149999999998,
    "pct3ResTime" : 21048.0,
    "throughput" : 12.762851467043289,
    "receivedKBytesPerSec" : 204.37149191189624,
    "sentKBytesPerSec" : 1.5476755250956
  },
  "Login" : {
    "transaction" : "Login",
    "sampleCount" : 11633,
    "errorCount" : 1846,
    "errorPct" : 15.8686495,
    "meanResTime" : 2261.482334737392,
    "medianResTime" : 343.0,
    "minResTime" : 0.0,
    "maxResTime" : 22726.0,
    "pct1ResTime" : 7097.6000000000095,
    "pct2ResTime" : 21033.0,
    "pct3ResTime" : 21054.0,
    "throughput" : 12.683000222413138,
    "receivedKBytesPerSec" : 195.99615507715228,
    "sentKBytesPerSec" : 2.2805608872321774
  },
  "View Products" : {
    "transaction" : "View Products",
    "sampleCount" : 11588,
    "errorCount" : 1452,
    "errorPct" : 12.530204,
    "meanResTime" : 1487.9890403866032,
    "medianResTime" : 190.0,
    "minResTime" : 0.0,
    "maxResTime" : 22916.0,
    "pct1ResTime" : 602.1000000000004,
    "pct2ResTime" : 15730.199999999997,
    "pct3ResTime" : 21048.0,
    "throughput" : 12.794212793771157,
    "receivedKBytesPerSec" : 109.00576979263505,
    "sentKBytesPerSec" : 1.4674174477654292
  },
  "Add To Cart Request" : {
    "transaction" : "Add To Cart Request",
    "sampleCount" : 11519,
    "errorCount" : 2261,
    "errorPct" : 19.62844,
    "meanResTime" : 3359.2952513239084,
    "medianResTime" : 433.0,
    "minResTime" : 0.0,
    "maxResTime" : 41881.0,
    "pct1ResTime" : 21025.0,
    "pct2ResTime" : 21043.0,
    "pct3ResTime" : 21065.8,
    "throughput" : 12.5744901267492,
    "receivedKBytesPerSec" : 6.909127904350802,
    "sentKBytesPerSec" : 2.4633534570841897
  },
  "Place Order (Delete Cart)" : {
    "transaction" : "Place Order (Delete Cart)",
    "sampleCount" : 11395,
    "errorCount" : 1710,
    "errorPct" : 15.006582,
    "meanResTime" : 2645.3017112768616,
    "medianResTime" : 378.0,
    "minResTime" : 0.0,
    "maxResTime" : 29860.0,
    "pct1ResTime" : 8107.999999999998,
    "pct2ResTime" : 21037.0,
    "pct3ResTime" : 21062.0,
    "throughput" : 12.681669506455465,
    "receivedKBytesPerSec" : 5.474717138672581,
    "sentKBytesPerSec" : 2.144747490306508
  }
}