{
  "View Cart Request" : {
    "transaction" : "View Cart Request",
    "sampleCount" : 500,
    "errorCount" : 0,
    "errorPct" : 0.0,
    "meanResTime" : 228.88799999999986,
    "medianResTime" : 203.0,
    "minResTime" : 150.0,
    "maxResTime" : 519.0,
    "pct1ResTime" : 316.90000000000003,
    "pct2ResTime" : 347.6499999999999,
    "pct3ResTime" : 435.8600000000001,
    "throughput" : 2.7153990278871483,
    "receivedKBytesPerSec" : 25.563264978819888,
    "sentKBytesPerSec" : 0.3420766353490646
  },
  "Total" : {
    "transaction" : "Total",
    "sampleCount" : 3000,
    "errorCount" : 53,
    "errorPct" : 1.7666667,
    "meanResTime" : 510.23699999999974,
    "medianResTime" : 319.0,
    "minResTime" : 145.0,
    "maxResTime" : 2669.0,
    "pct1ResTime" : 887.0,
    "pct2ResTime" : 1552.7999999999993,
    "pct3ResTime" : 2200.959999999999,
    "throughput" : 15.503235008371746,
    "receivedKBytesPerSec" : 139.65328730756607,
    "sentKBytesPerSec" : 2.58033986320979
  },
  "View Product Details" : {
    "transaction" : "View Product Details",
    "sampleCount" : 500,
    "errorCount" : 0,
    "errorPct" : 0.0,
    "meanResTime" : 283.50200000000007,
    "medianResTime" : 307.0,
    "minResTime" : 149.0,
    "maxResTime" : 511.0,
    "pct1ResTime" : 348.90000000000003,
    "pct2ResTime" : 376.95,
    "pct3ResTime" : 453.99,
    "throughput" : 2.706506441485331,
    "receivedKBytesPerSec" : 46.61325122469416,
    "sentKBytesPerSec" : 0.3594578867597705
  },
  "Login" : {
    "transaction" : "Login",
    "sampleCount" : 500,
    "errorCount" : 0,
    "errorPct" : 0.0,
    "meanResTime" : 770.9980000000006,
    "medianResTime" : 744.5,
    "minResTime" : 621.0,
    "maxResTime" : 1315.0,
    "pct1ResTime" : 874.9000000000001,
    "pct2ResTime" : 970.55,
    "pct3ResTime" : 1111.5100000000004,
    "throughput" : 2.7650737998197172,
    "receivedKBytesPerSec" : 47.41137571235214,
    "sentKBytesPerSec" : 0.5621956690649074
  },
  "View Products" : {
    "transaction" : "View Products",
    "sampleCount" : 500,
    "errorCount" : 0,
    "errorPct" : 0.0,
    "meanResTime" : 215.548,
    "medianResTime" : 193.0,
    "minResTime" : 145.0,
    "maxResTime" : 637.0,
    "pct1ResTime" : 301.80000000000007,
    "pct2ResTime" : 324.9,
    "pct3ResTime" : 445.61000000000035,
    "throughput" : 2.7466943533457484,
    "receivedKBytesPerSec" : 26.933140652724447,
    "sentKBytesPerSec" : 0.34870143157709693
  },
  "Add To Cart Request" : {
    "transaction" : "Add To Cart Request",
    "sampleCount" : 500,
    "errorCount" : 46,
    "errorPct" : 9.2,
    "meanResTime" : 927.1999999999996,
    "medianResTime" : 638.0,
    "minResTime" : 537.0,
    "maxResTime" : 2669.0,
    "pct1ResTime" : 1986.3000000000002,
    "pct2ResTime" : 2215.6,
    "pct3ResTime" : 2371.98,
    "throughput" : 2.6965807356272244,
    "receivedKBytesPerSec" : 0.6952964890518822,
    "sentKBytesPerSec" : 0.6009372303419265
  },
  "Place Order (Delete Cart)" : {
    "transaction" : "Place Order (Delete Cart)",
    "sampleCount" : 500,
    "errorCount" : 7,
    "errorPct" : 1.4,
    "meanResTime" : 635.2859999999993,
    "medianResTime" : 314.0,
    "minResTime" : 258.0,
    "maxResTime" : 2292.0,
    "pct1ResTime" : 1669.7000000000005,
    "pct2ResTime" : 1867.95,
    "pct3ResTime" : 2034.8400000000001,
    "throughput" : 2.6680611733065813,
    "receivedKBytesPerSec" : 0.5368014015325344,
    "sentKBytesPerSec" : 0.49817704720333833
  }
}