{
  "View Cart Request" : {
    "transaction" : "View Cart Request",
    "sampleCount" : 150,
    "errorCount" : 0,
    "errorPct" : 0.0,
    "meanResTime" : 241.69333333333338,
    "medianResTime" : 202.0,
    "minResTime" : 164.0,
    "maxResTime" : 699.0,
    "pct1ResTime" : 349.0,
    "pct2ResTime" : 369.74999999999983,
    "pct3ResTime" : 689.3100000000002,
    "throughput" : 2.483320364882539,
    "receivedKBytesPerSec" : 21.407029917802095,
    "sentKBytesPerSec" : 0.312840163154148
  },
  "Total" : {
    "transaction" : "Total",
    "sampleCount" : 900,
    "errorCount" : 0,
    "errorPct" : 0.0,
    "meanResTime" : 434.1733333333336,
    "medianResTime" : 322.5,
    "minResTime" : 160.0,
    "maxResTime" : 1747.0,
    "pct1ResTime" : 796.9,
    "pct2ResTime" : 831.0,
    "pct3ResTime" : 1088.89,
    "throughput" : 13.009352278804874,
    "receivedKBytesPerSec" : 115.2872396096833,
    "sentKBytesPerSec" : 2.165261009164366
  },
  "View Product Details" : {
    "transaction" : "View Product Details",
    "sampleCount" : 150,
    "errorCount" : 0,
    "errorPct" : 0.0,
    "meanResTime" : 314.85999999999996,
    "medianResTime" : 327.5,
    "minResTime" : 162.0,
    "maxResTime" : 709.0,
    "pct1ResTime" : 402.30000000000007,
    "pct2ResTime" : 426.9,
    "pct3ResTime" : 634.0300000000013,
    "throughput" : 2.415108921412356,
    "receivedKBytesPerSec" : 40.863375653085704,
    "sentKBytesPerSec" : 0.3207566536250785
  },
  "Login" : {
    "transaction" : "Login",
    "sampleCount" : 150,
    "errorCount" : 0,
    "errorPct" : 0.0,
    "meanResTime" : 833.4266666666667,
    "medianResTime" : 800.0,
    "minResTime" : 710.0,
    "maxResTime" : 1429.0,
    "pct1ResTime" : 957.3000000000001,
    "pct2ResTime" : 1082.9499999999998,
    "pct3ResTime" : 1318.330000000002,
    "throughput" : 2.451941938014908,
    "receivedKBytesPerSec" : 42.04231183388911,
    "sentKBytesPerSec" : 0.49852960106904665
  },
  "View Products" : {
    "transaction" : "View Products",
    "sampleCount" : 150,
    "errorCount" : 0,
    "errorPct" : 0.0,
    "meanResTime" : 253.46666666666664,
    "medianResTime" : 228.0,
    "minResTime" : 160.0,
    "maxResTime" : 617.0,
    "pct1ResTime" : 332.9,
    "pct2ResTime" : 382.9,
    "pct3ResTime" : 551.2100000000012,
    "throughput" : 2.447620912473076,
    "receivedKBytesPerSec" : 24.53826013926963,
    "sentKBytesPerSec" : 0.3107331236538085
  },
  "Add To Cart Request" : {
    "transaction" : "Add To Cart Request",
    "sampleCount" : 150,
    "errorCount" : 0,
    "errorPct" : 0.0,
    "meanResTime" : 648.7066666666668,
    "medianResTime" : 621.5,
    "minResTime" : 573.0,
    "maxResTime" : 1747.0,
    "pct1ResTime" : 713.6,
    "pct2ResTime" : 781.9999999999998,
    "pct3ResTime" : 1673.5600000000013,
    "throughput" : 2.4084005009473044,
    "receivedKBytesPerSec" : 0.6210411916765679,
    "sentKBytesPerSec" : 0.5367158147618895
  },
  "Place Order (Delete Cart)" : {
    "transaction" : "Place Order (Delete Cart)",
    "sampleCount" : 150,
    "errorCount" : 0,
    "errorPct" : 0.0,
    "meanResTime" : 312.8866666666667,
    "medianResTime" : 299.5,
    "minResTime" : 270.0,
    "maxResTime" : 697.0,
    "pct1ResTime" : 337.9,
    "pct2ResTime" : 375.24999999999994,
    "pct3ResTime" : 675.5800000000004,
    "throughput" : 2.4296613052140534,
    "receivedKBytesPerSec" : 0.48903261010415144,
    "sentKBytesPerSec" : 0.45366332183293645
  }
}