{
  "View Cart Request" : {
    "transaction" : "View Cart Request",
    "sampleCount" : 50,
    "errorCount" : 0,
    "errorPct" : 0.0,
    "meanResTime" : 256.78000000000003,
    "medianResTime" : 280.0,
    "minResTime" : 160.0,
    "maxResTime" : 464.0,
    "pct1ResTime" : 343.8,
    "pct2ResTime" : 367.6499999999999,
    "pct3ResTime" : 464.0,
    "throughput" : 0.93463184851487,
    "receivedKBytesPerSec" : 7.5060612335738455,
    "sentKBytesPerSec" : 0.11774170747892405
  },
  "Total" : {
    "transaction" : "Total",
    "sampleCount" : 300,
    "errorCount" : 0,
    "errorPct" : 0.0,
    "meanResTime" : 441.51666666666665,
    "medianResTime" : 329.5,
    "minResTime" : 160.0,
    "maxResTime" : 1687.0,
    "pct1ResTime" : 792.9000000000001,
    "pct2ResTime" : 830.9,
    "pct3ResTime" : 1074.3900000000006,
    "throughput" : 4.7368670361422955,
    "receivedKBytesPerSec" : 41.171947779988315,
    "sentKBytesPerSec" : 0.7883984751235533
  },
  "View Product Details" : {
    "transaction" : "View Product Details",
    "sampleCount" : 50,
    "errorCount" : 0,
    "errorPct" : 0.0,
    "meanResTime" : 318.5200000000001,
    "medianResTime" : 328.5,
    "minResTime" : 166.0,
    "maxResTime" : 380.0,
    "pct1ResTime" : 354.9,
    "pct2ResTime" : 377.9,
    "pct3ResTime" : 380.0,
    "throughput" : 0.9742790335151987,
    "receivedKBytesPerSec" : 16.77992026135035,
    "sentKBytesPerSec" : 0.12939643413873733
  },
  "Login" : {
    "transaction" : "Login",
    "sampleCount" : 50,
    "errorCount" : 0,
    "errorPct" : 0.0,
    "meanResTime" : 833.36,
    "medianResTime" : 793.5,
    "minResTime" : 736.0,
    "maxResTime" : 1687.0,
    "pct1ResTime" : 921.1,
    "pct2ResTime" : 1078.6,
    "pct3ResTime" : 1687.0,
    "throughput" : 0.9687857239735715,
    "receivedKBytesPerSec" : 16.61126927883591,
    "sentKBytesPerSec" : 0.19697381614384532
  },
  "View Products" : {
    "transaction" : "View Products",
    "sampleCount" : 50,
    "errorCount" : 0,
    "errorPct" : 0.0,
    "meanResTime" : 259.34,
    "medianResTime" : 274.0,
    "minResTime" : 162.0,
    "maxResTime" : 407.0,
    "pct1ResTime" : 340.7,
    "pct2ResTime" : 362.94999999999993,
    "pct3ResTime" : 407.0,
    "throughput" : 0.9785118791342128,
    "receivedKBytesPerSec" : 9.09171316636659,
    "sentKBytesPerSec" : 0.1242251409057106
  },
  "Add To Cart Request" : {
    "transaction" : "Add To Cart Request",
    "sampleCount" : 50,
    "errorCount" : 0,
    "errorPct" : 0.0,
    "meanResTime" : 664.4799999999999,
    "medianResTime" : 643.5,
    "minResTime" : 580.0,
    "maxResTime" : 910.0,
    "pct1ResTime" : 766.3,
    "pct2ResTime" : 811.1999999999998,
    "pct3ResTime" : 910.0,
    "throughput" : 0.9413713898407199,
    "receivedKBytesPerSec" : 0.24277085608314194,
    "sentKBytesPerSec" : 0.2097860851188011
  },
  "Place Order (Delete Cart)" : {
    "transaction" : "Place Order (Delete Cart)",
    "sampleCount" : 50,
    "errorCount" : 0,
    "errorPct" : 0.0,
    "meanResTime" : 316.62000000000006,
    "medianResTime" : 301.5,
    "minResTime" : 275.0,
    "maxResTime" : 798.0,
    "pct1ResTime" : 356.9,
    "pct2ResTime" : 424.44999999999976,
    "pct3ResTime" : 798.0,
    "throughput" : 0.8966519017986837,
    "receivedKBytesPerSec" : 0.18038114430715707,
    "sentKBytesPerSec" : 0.16742172228897298
  }
}