{
  "View Cart Request" : {
    "transaction" : "View Cart Request",
    "sampleCount" : 300,
    "errorCount" : 0,
    "errorPct" : 0.0,
    "meanResTime" : 224.0333333333333,
    "medianResTime" : 197.5,
    "minResTime" : 146.0,
    "maxResTime" : 398.0,
    "pct1ResTime" : 319.80000000000007,
    "pct2ResTime" : 333.9,
    "pct3ResTime" : 368.8900000000001,
    "throughput" : 2.4354009887728014,
    "receivedKBytesPerSec" : 22.775034463460866,
    "sentKBytesPerSec" : 0.3068034448746986
  },
  "Total" : {
    "transaction" : "Total",
    "sampleCount" : 1800,
    "errorCount" : 17,
    "errorPct" : 0.9444444,
    "meanResTime" : 471.939444444445,
    "medianResTime" : 312.0,
    "minResTime" : 145.0,
    "maxResTime" : 2317.0,
    "pct1ResTime" : 786.9000000000001,
    "pct2ResTime" : 1320.5999999999985,
    "pct3ResTime" : 1986.95,
    "throughput" : 13.782119996324768,
    "receivedKBytesPerSec" : 121.73795494155998,
    "sentKBytesPerSec" : 2.2938795423570486
  },
  "View Product Details" : {
    "transaction" : "View Product Details",
    "sampleCount" : 300,
    "errorCount" : 0,
    "errorPct" : 0.0,
    "meanResTime" : 283.29333333333324,
    "medianResTime" : 304.5,
    "minResTime" : 152.0,
    "maxResTime" : 534.0,
    "pct1ResTime" : 343.90000000000003,
    "pct2ResTime" : 369.9,
    "pct3ResTime" : 434.8600000000001,
    "throughput" : 2.489440622692081,
    "receivedKBytesPerSec" : 42.398196465098046,
    "sentKBytesPerSec" : 0.330628832701292
  },
  "Login" : {
    "transaction" : "Login",
    "sampleCount" : 300,
    "errorCount" : 0,
    "errorPct" : 0.0,
    "meanResTime" : 762.1066666666668,
    "medianResTime" : 744.0,
    "minResTime" : 677.0,
    "maxResTime" : 1598.0,
    "pct1ResTime" : 818.9000000000001,
    "pct2ResTime" : 855.0,
    "pct3ResTime" : 1296.9500000000019,
    "throughput" : 2.49474025596035,
    "receivedKBytesPerSec" : 42.77614663199671,
    "sentKBytesPerSec" : 0.5072313684481884
  },
  "View Products" : {
    "transaction" : "View Products",
    "sampleCount" : 300,
    "errorCount" : 0,
    "errorPct" : 0.0,
    "meanResTime" : 204.24,
    "medianResTime" : 185.5,
    "minResTime" : 145.0,
    "maxResTime" : 371.0,
    "pct1ResTime" : 293.0,
    "pct2ResTime" : 314.9,
    "pct3ResTime" : 342.98,
    "throughput" : 2.5203941896512614,
    "receivedKBytesPerSec" : 22.708275793084038,
    "sentKBytesPerSec" : 0.31997191860807034
  },
  "Add To Cart Request" : {
    "transaction" : "Add To Cart Request",
    "sampleCount" : 300,
    "errorCount" : 10,
    "errorPct" : 3.3333333,
    "meanResTime" : 826.3966666666672,
    "medianResTime" : 613.0,
    "minResTime" : 530.0,
    "maxResTime" : 2317.0,
    "pct1ResTime" : 1695.8000000000002,
    "pct2ResTime" : 1967.5,
    "pct3ResTime" : 2237.5400000000004,
    "throughput" : 2.467044398575693,
    "receivedKBytesPerSec" : 0.6360348840077958,
    "sentKBytesPerSec" : 0.549784698979466
  },
  "Place Order (Delete Cart)" : {
    "transaction" : "Place Order (Delete Cart)",
    "sampleCount" : 300,
    "errorCount" : 7,
    "errorPct" : 2.3333333,
    "meanResTime" : 531.5666666666664,
    "medianResTime" : 295.0,
    "minResTime" : 258.0,
    "maxResTime" : 2268.0,
    "pct1ResTime" : 1427.5000000000002,
    "pct2ResTime" : 1621.6,
    "pct3ResTime" : 2194.8500000000004,
    "throughput" : 2.3972575373772402,
    "receivedKBytesPerSec" : 0.4822920079429133,
    "sentKBytesPerSec" : 0.4476129308071566
  }
}